--
-- PostgreSQL database dump
--

-- Dumped from database version 15.7
-- Dumped by pg_dump version 16.3

-- Started on 2024-05-27 17:01:01

SET statement_timeout = 0;
SET lock_timeout = 0;
SET idle_in_transaction_session_timeout = 0;
SET client_encoding = 'UTF8';
SET standard_conforming_strings = on;
SELECT pg_catalog.set_config('search_path', '', false);
SET check_function_bodies = false;
SET xmloption = content;
SET client_min_messages = warning;
SET row_security = off;

SET default_tablespace = '';

SET default_table_access_method = heap;

--
-- TOC entry 220 (class 1259 OID 16425)
-- Name: categories; Type: TABLE; Schema: public; Owner: postgres
--

CREATE TABLE public.categories (
    id bigint NOT NULL,
    name character varying(255)
);


ALTER TABLE public.categories OWNER TO postgres;

--
-- TOC entry 219 (class 1259 OID 16424)
-- Name: categories_id_seq; Type: SEQUENCE; Schema: public; Owner: postgres
--

ALTER TABLE public.categories ALTER COLUMN id ADD GENERATED BY DEFAULT AS IDENTITY (
    SEQUENCE NAME public.categories_id_seq
    START WITH 1
    INCREMENT BY 1
    NO MINVALUE
    NO MAXVALUE
    CACHE 1
);


--
-- TOC entry 222 (class 1259 OID 16431)
-- Name: products; Type: TABLE; Schema: public; Owner: postgres
--

CREATE TABLE public.products (
    id bigint NOT NULL,
    available boolean,
    description character varying(255),
    name character varying(255),
    price numeric(38,2),
    category_id bigint
);


ALTER TABLE public.products OWNER TO postgres;

--
-- TOC entry 221 (class 1259 OID 16430)
-- Name: products_id_seq; Type: SEQUENCE; Schema: public; Owner: postgres
--

ALTER TABLE public.products ALTER COLUMN id ADD GENERATED BY DEFAULT AS IDENTITY (
    SEQUENCE NAME public.products_id_seq
    START WITH 1
    INCREMENT BY 1
    NO MINVALUE
    NO MAXVALUE
    CACHE 1
);


--
-- TOC entry 215 (class 1259 OID 16398)
-- Name: roles; Type: TABLE; Schema: public; Owner: postgres
--

CREATE TABLE public.roles (
    id bigint NOT NULL,
    name character varying(255)
);


ALTER TABLE public.roles OWNER TO postgres;

--
-- TOC entry 214 (class 1259 OID 16397)
-- Name: roles_id_seq; Type: SEQUENCE; Schema: public; Owner: postgres
--

ALTER TABLE public.roles ALTER COLUMN id ADD GENERATED BY DEFAULT AS IDENTITY (
    SEQUENCE NAME public.roles_id_seq
    START WITH 1
    INCREMENT BY 1
    NO MINVALUE
    NO MAXVALUE
    CACHE 1
);


--
-- TOC entry 217 (class 1259 OID 16404)
-- Name: users; Type: TABLE; Schema: public; Owner: postgres
--

CREATE TABLE public.users (
    id bigint NOT NULL,
    create_at timestamp(6) without time zone,
    email character varying(255),
    password_user character varying(255),
    update_at timestamp(6) without time zone,
    user_name character varying(255)
);


ALTER TABLE public.users OWNER TO postgres;

--
-- TOC entry 216 (class 1259 OID 16403)
-- Name: users_id_seq; Type: SEQUENCE; Schema: public; Owner: postgres
--

ALTER TABLE public.users ALTER COLUMN id ADD GENERATED BY DEFAULT AS IDENTITY (
    SEQUENCE NAME public.users_id_seq
    START WITH 1
    INCREMENT BY 1
    NO MINVALUE
    NO MAXVALUE
    CACHE 1
);


--
-- TOC entry 218 (class 1259 OID 16411)
-- Name: users_roles; Type: TABLE; Schema: public; Owner: postgres
--

CREATE TABLE public.users_roles (
    user_model_id bigint NOT NULL,
    roles_id bigint NOT NULL
);


ALTER TABLE public.users_roles OWNER TO postgres;

--
-- TOC entry 3351 (class 0 OID 16425)
-- Dependencies: 220
-- Data for Name: categories; Type: TABLE DATA; Schema: public; Owner: postgres
--

INSERT INTO public.categories VALUES (1, 'Technology');
INSERT INTO public.categories VALUES (2, 'Health');
INSERT INTO public.categories VALUES (3, 'Education');


--
-- TOC entry 3353 (class 0 OID 16431)
-- Dependencies: 222
-- Data for Name: products; Type: TABLE DATA; Schema: public; Owner: postgres
--

INSERT INTO public.products VALUES (1, true, 'Multi-vitamins for daily health', 'Vitamins', 30.50, 2);
INSERT INTO public.products VALUES (2, true, 'Indoor running fitness equipment', 'Treadmill', 450.00, 2);
INSERT INTO public.products VALUES (3, true, 'Comprehensive textbooks for higher education', 'Textbooks', 200.00, 3);
INSERT INTO public.products VALUES (4, true, 'Access to various online courses', 'E-learning Subscription', 150.00, 3);
INSERT INTO public.products VALUES (5, true, 'High performance personal laptop', 'Laptop', 1200.00, 1);
INSERT INTO public.products VALUES (6, true, 'Latest model with advanced features', 'Smartphone', 800.00, 1);


--
-- TOC entry 3346 (class 0 OID 16398)
-- Dependencies: 215
-- Data for Name: roles; Type: TABLE DATA; Schema: public; Owner: postgres
--

INSERT INTO public.roles VALUES (1, 'ROLE_ADMIN');
INSERT INTO public.roles VALUES (2, 'ROLE_CLIENT');


--
-- TOC entry 3348 (class 0 OID 16404)
-- Dependencies: 217
-- Data for Name: users; Type: TABLE DATA; Schema: public; Owner: postgres
--

INSERT INTO public.users VALUES (1, '2024-05-27 15:17:36.530327', 'admin@admin.com', '$2a$10$NXiveUrjxMxyEnCF3WS9ROxdSunG5JCXQTJLki/XGQxaoH6e409ha', '2024-05-27 15:17:36.531325', 'admin');
INSERT INTO public.users VALUES (2, '2024-05-27 15:18:45.962856', 'client@client.com', '$2a$10$3UzhS.axcaxaxZFMsHrhTuJxFvwBTp.lq.wTHIQ2rcROh0KuwAGh6', '2024-05-27 15:18:45.962856', 'client');


--
-- TOC entry 3349 (class 0 OID 16411)
-- Dependencies: 218
-- Data for Name: users_roles; Type: TABLE DATA; Schema: public; Owner: postgres
--

INSERT INTO public.users_roles VALUES (1, 1);
INSERT INTO public.users_roles VALUES (2, 2);


--
-- TOC entry 3359 (class 0 OID 0)
-- Dependencies: 219
-- Name: categories_id_seq; Type: SEQUENCE SET; Schema: public; Owner: postgres
--

SELECT pg_catalog.setval('public.categories_id_seq', 3, true);


--
-- TOC entry 3360 (class 0 OID 0)
-- Dependencies: 221
-- Name: products_id_seq; Type: SEQUENCE SET; Schema: public; Owner: postgres
--

SELECT pg_catalog.setval('public.products_id_seq', 6, true);


--
-- TOC entry 3361 (class 0 OID 0)
-- Dependencies: 214
-- Name: roles_id_seq; Type: SEQUENCE SET; Schema: public; Owner: postgres
--

SELECT pg_catalog.setval('public.roles_id_seq', 2, true);


--
-- TOC entry 3362 (class 0 OID 0)
-- Dependencies: 216
-- Name: users_id_seq; Type: SEQUENCE SET; Schema: public; Owner: postgres
--

SELECT pg_catalog.setval('public.users_id_seq', 2, true);


--
-- TOC entry 3197 (class 2606 OID 16429)
-- Name: categories categories_pkey; Type: CONSTRAINT; Schema: public; Owner: postgres
--

ALTER TABLE ONLY public.categories
    ADD CONSTRAINT categories_pkey PRIMARY KEY (id);


--
-- TOC entry 3199 (class 2606 OID 16437)
-- Name: products products_pkey; Type: CONSTRAINT; Schema: public; Owner: postgres
--

ALTER TABLE ONLY public.products
    ADD CONSTRAINT products_pkey PRIMARY KEY (id);


--
-- TOC entry 3193 (class 2606 OID 16402)
-- Name: roles roles_pkey; Type: CONSTRAINT; Schema: public; Owner: postgres
--

ALTER TABLE ONLY public.roles
    ADD CONSTRAINT roles_pkey PRIMARY KEY (id);


--
-- TOC entry 3195 (class 2606 OID 16410)
-- Name: users users_pkey; Type: CONSTRAINT; Schema: public; Owner: postgres
--

ALTER TABLE ONLY public.users
    ADD CONSTRAINT users_pkey PRIMARY KEY (id);


--
-- TOC entry 3200 (class 2606 OID 16414)
-- Name: users_roles fka62j07k5mhgifpp955h37ponj; Type: FK CONSTRAINT; Schema: public; Owner: postgres
--

ALTER TABLE ONLY public.users_roles
    ADD CONSTRAINT fka62j07k5mhgifpp955h37ponj FOREIGN KEY (roles_id) REFERENCES public.roles(id);


--
-- TOC entry 3201 (class 2606 OID 16419)
-- Name: users_roles fkdy8vvfurjq4afobw967mbyj1; Type: FK CONSTRAINT; Schema: public; Owner: postgres
--

ALTER TABLE ONLY public.users_roles
    ADD CONSTRAINT fkdy8vvfurjq4afobw967mbyj1 FOREIGN KEY (user_model_id) REFERENCES public.users(id);


--
-- TOC entry 3202 (class 2606 OID 16438)
-- Name: products fkog2rp4qthbtt2lfyhfo32lsw9; Type: FK CONSTRAINT; Schema: public; Owner: postgres
--

ALTER TABLE ONLY public.products
    ADD CONSTRAINT fkog2rp4qthbtt2lfyhfo32lsw9 FOREIGN KEY (category_id) REFERENCES public.categories(id);


-- Completed on 2024-05-27 17:01:01

--
-- PostgreSQL database dump complete
--

